username,password,ip,user_agent,created_at
ryanaunur,password,127.0.0.1,"Mozilla/5.0 (X11; Linux x86_64) AppleWebKit/537.36 (KHTML, like Gecko) Chrome/125.0.0.0 Safari/537.36","21-05-2024 13:19:45"
ryanaunur2,passwordtest,127.0.0.1,"Mozilla/5.0 (X11; Linux x86_64) AppleWebKit/537.36 (KHTML, like Gecko) Chrome/125.0.0.0 Safari/537.36","21-05-2024 13:21:28"
rektor,apaituui,127.0.0.1,"Mozilla/5.0 (X11; Linux x86_64) AppleWebKit/537.36 (KHTML, like Gecko) Chrome/125.0.0.0 Safari/537.36","21-05-2024 13:22:02"
admin,admin,127.0.0.1,"Mozilla/5.0 (X11; Linux x86_64) AppleWebKit/537.36 (KHTML, like Gecko) Chrome/125.0.0.0 Safari/537.36","21-05-2024 16:11:32"
